filename,text
crop_0.jpg,KA05HS4495
crop_1.jpg,MH20BN3525
crop_2.jpg,HR696969
crop_3.jpg,TN19TC94
crop_4.jpg,MH20BY4465
crop_5.jpg,TN19TC94
crop_6.jpg,KL01CC50
crop_7.jpg,KA05MG1909
crop_8.jpg,KA51MJ2143
crop_9.jpg,KL05AK3300
crop_10.jpg,TN21AU7234
crop_11.jpg,MH21V9926
crop_12.jpg,HPSX4000
crop_13.jpg,AS23M1264
crop_14.jpg,MH01AV8866
crop_15.jpg,MP09CP9052
crop_16.jpg,TN59BE0939
crop_17.jpg,KL38F5008
crop_18.jpg,TN19S4523
crop_19.jpg,HR26BP3543
crop_20.jpg,TN66T5836
crop_21.jpg,MH12DE1433
crop_22.jpg,MH03BS7778
crop_23.jpg,KA51MJ8156
crop_24.jpg,MH02BK9793
crop_25.jpg,MH03BS7778
crop_26.jpg,KL10AW2814
crop_27.jpg,HR26CM6005
crop_28.jpg,MH14TCP237
crop_29.jpg,HR26DA0471
crop_30.jpg,MH20CS9817
crop_31.jpg,MH01AV8866
crop_32.jpg,TN21BC6225
crop_33.jpg,DL7CN5617
crop_34.jpg,KL10AW2814
crop_35.jpg,GJ05JD9759
crop_36.jpg,KA18P2987
crop_37.jpg,TN21TC31
crop_38.jpg,DL8CX4850
crop_39.jpg,TN19TC91
crop_40.jpg,HR26CT4063
crop_41.jpg,MH12DE1433
crop_42.jpg,KA19TR02
crop_43.jpg,KA29Z999
crop_44.jpg,HP896786
crop_45.jpg,MH14EU3498
crop_46.jpg,DL3CAY9324
crop_47.jpg,MH20BY3665
crop_48.jpg,MH12BG7237
crop_49.jpg,KL01CA2555
crop_50.jpg,MH01AR5274
crop_51.jpg,KL16J3636
crop_52.jpg,HR26BR9044
crop_53.jpg,KL07BF2007
crop_54.jpg,KL54H369
crop_55.jpg,MH01AR5274
crop_56.jpg,MH12JC2813
crop_57.jpg,HR99BJ6662
crop_58.jpg,TS08ER1643
crop_59.jpg,HR26BU0380
crop_60.jpg,MH20CS1938
crop_61.jpg,MH20EJ0364
crop_62.jpg,MH14TCD204
crop_63.jpg,MH20EU9991
crop_64.jpg,TN21AT0480
crop_65.jpg,TN74AL5074
crop_66.jpg,TN21BZ0768
crop_67.jpg,RJ02CC0784
crop_68.jpg,MH14TCF460
crop_69.jpg,DL12CG6648
crop_70.jpg,HR26BP3543
crop_71.jpg,RJ27TC0530
crop_72.jpg,KL01KL0KL01
crop_73.jpg,MH04DW8351
crop_74.jpg,TN38BW1139
crop_75.jpg,DL3CAY2231
crop_76.jpg,DL12C3536
crop_77.jpg,CG10S0650
crop_78.jpg,TN02BL9
crop_79.jpg,KL20K7561
crop_80.jpg,TERRANO
crop_81.jpg,KA51MJ8156
crop_82.jpg,TN09CH7770
crop_83.jpg,RJ27TC0530
crop_84.jpg,KL55R2473
crop_85.jpg,DL10CG4693
crop_86.jpg,UP32FH2653
crop_87.jpg,MH02AJ344
crop_88.jpg,MH14DT8831
crop_89.jpg,DEVANAGRI
crop_90.jpg,MH06AW8929
crop_91.jpg,DUSTER
crop_92.jpg,MH14EU3498
crop_93.jpg,RJ27TC0530
crop_94.jpg,MH04DW8351
crop_95.jpg,HR26BP3543
crop_96.jpg,KL10AV6342
crop_97.jpg,MH02BM5048
crop_98.jpg,TN21BZ0768
crop_99.jpg,KL454455
crop_100.jpg,RJ27TC0530
crop_101.jpg,MH12JC2813
crop_102.jpg,KL06H5834
crop_103.jpg,MH20BY3665
crop_104.jpg,KL13AA6340
crop_105.jpg,DL1N4268
crop_106.jpg,KA03MG2784
crop_107.jpg,MH14DT8831
crop_108.jpg,RJ27TC0530
crop_109.jpg,HR11F7575
crop_110.jpg,MH01AE8017
crop_111.jpg,MH20EE0943
crop_112.jpg,MH15BD8877
crop_113.jpg,HR26CR3302
crop_114.jpg,TN42R2697
crop_115.jpg,TN52U1580
crop_116.jpg,RJ27TC0530
crop_117.jpg,MH12DE1433
crop_118.jpg,KL10AV6633
crop_119.jpg,MH20BY3665
crop_120.jpg,KL09AL9405
crop_121.jpg,KL60N5344
crop_122.jpg,UP16TC1366
crop_123.jpg,TN07BU5427
crop_124.jpg,HR11F7575
crop_125.jpg,KL12G7531
crop_126.jpg,AP28N3107
crop_127.jpg,MH20CS1938
crop_128.jpg,TN21AT0492
crop_129.jpg,AP02BP2454
crop_130.jpg,KL53E964
crop_131.jpg,KA01D1330
crop_132.jpg,UP80CR00
crop_133.jpg,RJ27TA1143
crop_134.jpg,TN21AU1153
crop_135.jpg,MH14DX9937
crop_136.jpg,TN28BA9999
crop_137.jpg,HR26CK8571
crop_138.jpg,KA29Z999
crop_139.jpg,MH20CS1941
crop_140.jpg,MH20CS1941
crop_141.jpg,HR26DK0830
crop_142.jpg,HR51AY9099
crop_143.jpg,HR26TC7303
crop_144.jpg,MH20EE7597
crop_145.jpg,TN42R2697
crop_146.jpg,MH14TCF459
crop_147.jpg,TN99F2378
crop_148.jpg,GJW115A1138
crop_149.jpg,TN66U8215
crop_150.jpg,TN21TC611
crop_151.jpg,MH14GN9239
crop_152.jpg,KA51AA3469
crop_153.jpg,HR26CF5868
crop_154.jpg,HR26DG6167
crop_155.jpg,TN59BE0939
crop_156.jpg,MH20CS9817
crop_157.jpg,HR26DA0471
crop_158.jpg,GJ07BR1336
crop_159.jpg,KA21M5519
crop_160.jpg,W0BNP300
crop_161.jpg,KL55R2473
crop_162.jpg,KA031351
crop_163.jpg,ASM1634
crop_164.jpg,MH46X9996
crop_165.jpg,TN28BA9999
crop_166.jpg,TN38BY4191
crop_167.jpg,MH20BN3525
crop_168.jpg,MH14EH5819
crop_169.jpg,TN58AM1
crop_170.jpg,HR26TC7099
crop_171.jpg,TN38BY4191
crop_172.jpg,TN42R2697
crop_173.jpg,MH14EH7958
crop_174.jpg,RJ02CC0784
crop_175.jpg,DL6CAB123X
crop_176.jpg,MH15TC554
crop_177.jpg,MH14EH7958
crop_178.jpg,MH20TC830C
crop_179.jpg,KA03NA8385
crop_180.jpg,MH20BN3525
crop_181.jpg,HR26BP3543
crop_182.jpg,MH20EE7597
crop_183.jpg,RJ27TC0530
crop_184.jpg,RJ27TC0530
crop_185.jpg,TN38BW1139
crop_186.jpg,BLUR
crop_187.jpg,TN42R2697
crop_188.jpg,GJW115A1138
crop_189.jpg,HR26DA5443
crop_190.jpg,HR696969
crop_191.jpg,UP50AS4535
crop_192.jpg,HR26AZ5927
crop_193.jpg,DL7CN5617
crop_194.jpg,TN21AT0480
crop_195.jpg,GJ05JH2501
crop_196.jpg,RJ27TC0530
crop_197.jpg,KL16J3636
crop_198.jpg,KL01AX8000
crop_199.jpg,MH06AW8929
crop_200.jpg,TN74AH1413
crop_201.jpg,MH15TC554
crop_202.jpg,DL6CAB123X
crop_203.jpg,TN21AT0480
crop_204.jpg,MP09CC1667
crop_205.jpg,PB08CX2959
crop_206.jpg,MH14TC947
crop_207.jpg,RJ27TC0530
crop_208.jpg,MH06AW8929
crop_209.jpg,DL758Y1790
crop_210.jpg,MH02CB4545
crop_211.jpg,HR26CT4063
crop_212.jpg,TN74F3339
crop_213.jpg,TN21AT0480
crop_214.jpg,KL25B2001
crop_215.jpg,MH20CS1941
crop_216.jpg,GJ05JH2501
crop_217.jpg,UP65CM21149
crop_218.jpg,MH12DE1433
crop_219.jpg,MH01AE8017
crop_220.jpg,TN59AQ1515
crop_221.jpg,DL3CAY9324
crop_222.jpg,AP02BP2454
crop_223.jpg,HR99BJ6662
crop_224.jpg,HR26BC5514
crop_225.jpg,HR26DA0471
crop_226.jpg,MH20TC640B
crop_227.jpg,MH03CB6467
crop_228.jpg,TN07BV5200
crop_229.jpg,KL01AU585
crop_230.jpg,KL10AV6342
crop_231.jpg,HR99EX6037
crop_232.jpg,WB07D5106
crop_233.jpg,MH20DJ0419
crop_234.jpg,MH20BY4465
crop_235.jpg,TN74AL5074
crop_236.jpg,DL6CM6683
crop_237.jpg,HR26DA2330
crop_238.jpg,MH20DV2362
crop_239.jpg,KL10AW2814
crop_240.jpg,CRETA
crop_241.jpg,KL54H369
crop_242.jpg,MH20DJ0419
crop_243.jpg,RJ27TC0530
crop_244.jpg,HR26BA8008
crop_245.jpg,HR26U7501
crop_246.jpg,DL3CAY2231
crop_247.jpg,HR26BC5514
crop_248.jpg,KA05MQ92
crop_249.jpg,TN02TC0143
crop_250.jpg,TN21AT0479
crop_251.jpg,KL05AK3300
crop_252.jpg,TN21BY0166
crop_253.jpg,PB03AGT8979
crop_254.jpg,MH20CS1938
crop_255.jpg,KL02AF6363
crop_256.jpg,MH20EE7601
crop_257.jpg,MH21V9926
crop_258.jpg,TS09EB1458
crop_259.jpg,MH14TC206AN
crop_260.jpg,KL65H4383
crop_261.jpg,TN21AT0492
crop_262.jpg,TN37CR4019
crop_263.jpg,HR26CT6702
crop_264.jpg,TN66U8215
crop_265.jpg,PB08CX2959
crop_266.jpg,TN45BA1065
crop_267.jpg,RJ09C84382
crop_268.jpg,DL14CTC0153
crop_269.jpg,MH12NE8922
crop_270.jpg,KL10AV6633
crop_271.jpg,GJ7BB766
crop_272.jpg,KL01CC50
crop_273.jpg,TN19H3322
crop_274.jpg,KL07BF5000
crop_275.jpg,KL65H4383
crop_276.jpg,RJ27TC0530
crop_277.jpg,HR26CU6799
crop_278.jpg,DL6CM6683
crop_279.jpg,TN45BA1065
crop_280.jpg,TN07BV5200
crop_281.jpg,GJ051D9443
crop_282.jpg,WB74X7605
crop_283.jpg,MH02B16890
crop_284.jpg,HR99EX6037
crop_285.jpg,KL20K7561
crop_286.jpg,DL6CM6683
crop_287.jpg,KA03NA8385
crop_288.jpg,GJ01MW7581
crop_289.jpg,MH20EE7598
crop_290.jpg,UP16CT2233
crop_291.jpg,KL09AL9405
crop_292.jpg,HP896786
crop_293.jpg,HR26CK8571
crop_294.jpg,MH14EP4660
crop_295.jpg,HD02NP0
crop_296.jpg,HR26CP3135
crop_297.jpg,HR26CB1900
crop_298.jpg,RJ27TC0530
crop_299.jpg,KL53E964
crop_300.jpg,HR26BU0375
crop_301.jpg,UP50AS4535
crop_302.jpg,TN52U1580
crop_303.jpg,KL07CB8599
crop_304.jpg,TN58AM1
crop_305.jpg,KL49H5270
crop_306.jpg,MH14EH7958
crop_307.jpg,TN74F3339
crop_308.jpg,MH20DV2362
crop_309.jpg,UP16AB3726
crop_310.jpg,HR26CT6702
crop_311.jpg,TN42R2697
crop_312.jpg,TN37CR4019
crop_313.jpg,MH13BN4348
crop_314.jpg,MH20TC189B
crop_315.jpg,TN21AT0492
crop_316.jpg,UP32FH2653
crop_317.jpg,KA18P2987
crop_318.jpg,KA42TC131011
crop_319.jpg,HR26DK6475
crop_320.jpg,TN09CH7770
crop_321.jpg,RJ27TC0530
crop_322.jpg,MH20CS4946
crop_323.jpg,KL01KLKL01
crop_324.jpg,KL01AX8000
crop_325.jpg,DL12C3536
crop_326.jpg,MH03BS7778
crop_327.jpg,DL14CTC0153
crop_328.jpg,HR51AY9099
crop_329.jpg,GJ05JH2501
crop_330.jpg,GJ05JH2501
crop_331.jpg,MH03BS7778
crop_332.jpg,KL54A2670
crop_333.jpg,MH20BQ20
crop_334.jpg,DL10CG4693
crop_335.jpg,MH20EE7597
crop_336.jpg,TN74AH1413
crop_337.jpg,HR26BR9044
crop_338.jpg,MH20BN3525
crop_339.jpg,RJ27TC0530
crop_340.jpg,KL60N5344
crop_341.jpg,KA04ME9869
crop_342.jpg,UP16CT2233
crop_343.jpg,MH20EE045
crop_344.jpg,HR26CH3604
crop_345.jpg,MH03CB6467
crop_346.jpg,MH20CS4946
crop_347.jpg,KA031351
crop_348.jpg,MH14TCE4
crop_349.jpg,MH14EH7958
crop_350.jpg,HR26CR3302
crop_351.jpg,MH02BM5048
crop_352.jpg,MH14EP4660
crop_353.jpg,GJ03JL0126
crop_354.jpg,TN19TC91
crop_355.jpg,MH20BY3665
crop_356.jpg,HR26DK0830
crop_357.jpg,HR26CE1485
crop_358.jpg,MH14TCF460
crop_359.jpg,TS08ER1643
crop_360.jpg,MH01BU5207
crop_361.jpg,DL6CM6683
crop_362.jpg,MH03BS7778
crop_363.jpg,HR26DA2330
crop_364.jpg,MH20EE7598
crop_365.jpg,GJ17TC214
crop_366.jpg,KA18P2987
crop_367.jpg,RJ27TC0530
crop_368.jpg,KA5122727
crop_369.jpg,KL57A111
crop_370.jpg,MH14EY5972
crop_371.jpg,KL07CB8599
crop_372.jpg,HR26CM6005
crop_373.jpg,MH01AR5274
crop_374.jpg,KL60N5344
crop_375.jpg,KA01MA6989
crop_376.jpg,KL10AW2111
crop_377.jpg,KL10AW2111
crop_378.jpg,MH14DT8831
crop_379.jpg,RJ27TC0530
crop_380.jpg,UK07BA7252
crop_381.jpg,GJ1KF1111
crop_382.jpg,MH02CB4545
crop_383.jpg,KA04MN3622
crop_384.jpg,MH20EE045
crop_385.jpg,WB74X7605
crop_386.jpg,TN43J0158
crop_387.jpg,PY01BL1155
crop_388.jpg,PB08CX2959
crop_389.jpg,MH02CT2727
crop_390.jpg,KL12G7531
crop_391.jpg,WB06F9209
crop_392.jpg,DL13S0155
crop_393.jpg,HR26U7501
crop_394.jpg,MH01BU5207
crop_395.jpg,KL01CA2555
crop_396.jpg,WB06F9209
crop_397.jpg,HR26BA8008
crop_398.jpg,MH14EH5819
crop_399.jpg,RJ27TC0530
crop_400.jpg,KL60N5344
crop_401.jpg,KA03MX5058
crop_402.jpg,KL01CA2555
crop_403.jpg,HR26TC5656
crop_404.jpg,TN42R2697
crop_405.jpg,MH14TCF300
crop_406.jpg,KL10AV6342
crop_407.jpg,KL10AV6633
crop_408.jpg,TN21AT0479
crop_409.jpg,MH20EE7598
crop_410.jpg,MH46Z8892
crop_411.jpg,KL01KL0KL01
crop_412.jpg,TN21AU7234
crop_413.jpg,HR26CH3604
crop_414.jpg,KL43B2344
crop_415.jpg,KA03AB3380
crop_416.jpg,TN07BU5427
crop_417.jpg,TN59AQ1515
crop_418.jpg,KL7BZ99
crop_419.jpg,HR26CT6702
crop_420.jpg,TN99F2378
crop_421.jpg,HR26CT6702
crop_422.jpg,CH01AN0001
crop_423.jpg,MH20EE0943
crop_424.jpg,KL454455
crop_425.jpg,TN07BU5427
crop_426.jpg,HR99HA4575
crop_427.jpg,HR26DG6167
crop_428.jpg,MH20CS1941
crop_429.jpg,KL10AV6342
crop_430.jpg,MH03BS7778
crop_431.jpg,MH20EE7598
crop_432.jpg,KL43B2344
crop_433.jpg,KL63C8800
crop_434.jpg,KL10AW2814
crop_435.jpg,KA04MN3622
crop_436.jpg,TN07BU5427
crop_437.jpg,KL10AV6342
crop_438.jpg,MH06AW8929
crop_439.jpg,MH46X9996
crop_0.jpg,MH02ER9194
crop_1.jpg,MH02BQ9628
crop_2.jpg,MH43BP8173
crop_3.jpg,MH02MA5324
crop_4.jpg,MH02BT6482
crop_5.jpg,MH02BT6482
crop_6.jpg,MH47N4570
crop_7.jpg,MH47AV6753
crop_8.jpg,MH02DS9365
crop_9.jpg,MH47Y1124
crop_10.jpg,MH01CR7388
crop_11.jpg,MH02DN8718
crop_12.jpg,MH02BT6482
crop_13.jpg,MH02DS9365
crop_14.jpg,MH02DS9365
crop_15.jpg,MH01BT4302
crop_16.jpg,MH02BT6482
crop_17.jpg,MH04EX7505
crop_18.jpg,MH02DS9365
crop_19.jpg,MH01BM4824
crop_20.jpg,MH01CT9150
crop_21.jpg,MH02CL4017
crop_22.jpg,MH01DP5662
crop_23.jpg,MH14FM6930
crop_24.jpg,MH03BS4060
crop_25.jpg,MH01AU0059
crop_26.jpg,MH01AU0059
crop_27.jpg,MH01BU1852
crop_28.jpg,MH03CS6266
crop_29.jpg,MH43BK9513
crop_30.jpg,MH02AQ2299
crop_31.jpg,MH46BV0688
crop_32.jpg,MH04DW9020
crop_33.jpg,MH01AX3070
crop_34.jpg,MH02FN2783
crop_35.jpg,MH47Y1124
crop_36.jpg,MH03CS6266
crop_37.jpg,MH03CP1328
crop_38.jpg,MH4705851
crop_39.jpg,MH02DN8718
crop_40.jpg,MH01AM7014
crop_41.jpg,MH03BS8519
crop_42.jpg,MH4705851
crop_43.jpg,MH01BU1852
crop_44.jpg,MH03CP1328
crop_45.jpg,MH47N4570
crop_46.jpg,MH02AQ2299
crop_47.jpg,MH47Y1124
crop_48.jpg,MH02BT6482
crop_49.jpg,MH01DT1917
crop_50.jpg,MH02BT6482
crop_51.jpg,MH4705851
crop_52.jpg,MH01AV7461
crop_53.jpg,MH4705851
crop_54.jpg,MH47N4570
crop_55.jpg,MH03BS4060
crop_56.jpg,MH02EU4884
crop_57.jpg,MH12SF3212
crop_58.jpg,MH02DS9365
crop_59.jpg,MH02DW8021
crop_60.jpg,MH04CT3566
crop_61.jpg,MH01BG7161
crop_62.jpg,MHD1CV9311
crop_63.jpg,MH12SF3212
crop_64.jpg,MH01AH8495
crop_65.jpg,MH02BG9542
crop_66.jpg,MH02CR8276
crop_67.jpg,MH02AQ2299
crop_68.jpg,DL8CN6308
crop_69.jpg,MH02BJ2456
crop_70.jpg,MH02BT6482
crop_71.jpg,MH01AU0059
crop_72.jpg,MH01AV7461
crop_73.jpg,MH02BT6482
crop_74.jpg,MH06AZ3571
crop_75.jpg,MH01DT1917
crop_76.jpg,MH03CS6266
crop_77.jpg,MH03BS4060
crop_78.jpg,MH04DW9020
crop_79.jpg,MH02DJ8952
crop_80.jpg,MH01AH8495
crop_81.jpg,MH03CP1328
crop_82.jpg,MH02BQ9628
crop_83.jpg,MH03DA4505
crop_84.jpg,MH02FN2783
crop_85.jpg,MH02ER9194
crop_86.jpg,MH02DQ0196
crop_87.jpg,MH01AX3070
crop_88.jpg,MH01JA8939
crop_89.jpg,MH02DS3099
crop_90.jpg,MH02EK0837
crop_91.jpg,MH05DS8679
crop_92.jpg,MH02BT6482
crop_93.jpg,MH47Y1124
crop_94.jpg,MH01DT1917
crop_95.jpg,MH02EK0837
crop_96.jpg,MH02DS3099
crop_97.jpg,MH05DS8679
crop_98.jpg,MH02BT6482
crop_99.jpg,MH02DQ0196
crop_100.jpg,MH01AM5810
crop_101.jpg,MH02CD3654
crop_102.jpg,MH01CV6333
crop_103.jpg,MH02ER9194
crop_104.jpg,MH01AH8495
crop_105.jpg,MH03CP1328
crop_106.jpg,MH02BQ9628
crop_107.jpg,MH02DN8718
crop_108.jpg,MH04DW9020
crop_109.jpg,MH01DB1477
crop_110.jpg,MH02DJ8952
crop_111.jpg,MH01DT1917
crop_112.jpg,MH03CS6266
crop_113.jpg,MH03BS4060
crop_114.jpg,DL8CN6308
crop_115.jpg,MH01AV7461
crop_116.jpg,MH01AU0059
crop_117.jpg,GJ12FA0735
crop_118.jpg,MH02AQ2299
crop_119.jpg,MH02BG9542
crop_120.jpg,MH01AH8495
crop_121.jpg,MH12SF3212
crop_122.jpg,MH02DS9365
crop_123.jpg,MH02DW8021
crop_124.jpg,MH04CT3566
crop_125.jpg,MH01BG7161
crop_126.jpg,MH03BS4060
crop_127.jpg,MH02CW8226
crop_128.jpg,MH02ER9194
crop_129.jpg,MH05EJ3005
crop_130.jpg,MH02JA9655
crop_131.jpg,MH4705851
crop_132.jpg,MH01AV7461
crop_133.jpg,MH02MA5324
crop_134.jpg,MH47Y1124
crop_135.jpg,MH12FU1014
crop_136.jpg,MH02BT6482
crop_137.jpg,MH01DT1917
crop_138.jpg,MH01BU1852
crop_139.jpg,MH47Y1124
crop_140.jpg,MH03CP1328
crop_141.jpg,MH03CP1328
crop_142.jpg,MH02DN8718
crop_143.jpg,MH46AD5258
crop_144.jpg,MH01AX3070
crop_145.jpg,MH47Y1124
crop_146.jpg,MH03CS6266
crop_147.jpg,MH03CS6266
crop_148.jpg,MH03CS6266
crop_149.jpg,MH01AU0059
crop_150.jpg,MH02BT6482
crop_151.jpg,MH01BU1852
crop_152.jpg,MH01AU0059
crop_153.jpg,MH02EP5740
crop_154.jpg,MH03BS4060
crop_155.jpg,MH47Y1124
crop_156.jpg,MH02DS9365
crop_157.jpg,MH01BM4824
crop_158.jpg,MH02CL4017
crop_159.jpg,MH46AD5258
crop_160.jpg,MH02DS9365
crop_161.jpg,MH47Y1124
crop_162.jpg,MH01CR7388
crop_163.jpg,MH01AV8814
crop_164.jpg,MH02DN8718
crop_165.jpg,MH02BT6482
crop_166.jpg,MH01CT9150
crop_167.jpg,MH02DS9365
crop_168.jpg,MH01AM9839
crop_169.jpg,MH47AV6753
crop_170.jpg,MH02DS9365
crop_171.jpg,MH02ER9194
crop_172.jpg,MH02BQ9628
crop_173.jpg,MH01AL9693
crop_174.jpg,MH02MA5324
crop_175.jpg,MH02BT6482
crop_176.jpg,MH02BT6482
crop_177.jpg,MH4705851
crop_178.jpg,MH01DE2780
crop_179.jpg,MH01BD2186
crop_180.jpg,MH02BT6482
crop_181.jpg,MH02ER9194
crop_182.jpg,MH05DK1018
crop_183.jpg,MH03BS4060
crop_184.jpg,MH02EU4884
crop_185.jpg,MH02CR4364
crop_186.jpg,MH02DW8021
crop_187.jpg,MH01CT1710
crop_188.jpg,MH47AV6753
crop_189.jpg,MH02DZ9898
crop_190.jpg,MH02DS9365
crop_191.jpg,MH04HP6100
crop_192.jpg,MH03DU5196
crop_193.jpg,MH01BT0050
crop_194.jpg,MH03AR7140
crop_195.jpg,MH47Y0205
crop_196.jpg,MH02EU4077
crop_197.jpg,MH01AU0059
crop_198.jpg,PB11AG0774
crop_199.jpg,MH02BQ9628
crop_200.jpg,MH01DT1917
crop_201.jpg,MH47Y1124
crop_202.jpg,MH02EE8407
crop_203.jpg,MH04DW9020
crop_204.jpg,MH01DB1477
crop_205.jpg,MH02EK4399
crop_206.jpg,MH47AV6753
crop_207.jpg,MH47Y1124
crop_208.jpg,MH03CP1328
crop_209.jpg,MH02BT6482
crop_210.jpg,MH02BQ9628
crop_211.jpg,MH01CV6333
crop_212.jpg,MH02BG9542
crop_213.jpg,MH02ER9194
crop_214.jpg,DL8CN6308
crop_215.jpg,MH01AX3070
crop_216.jpg,MH14DX9938
crop_217.jpg,GJ15D0564
crop_218.jpg,MH02FN2783
crop_219.jpg,MH05DS8679
crop_220.jpg,MH01DB1477
crop_221.jpg,MH01BT9066
crop_222.jpg,MH02ER9194
crop_223.jpg,MH03BS4060
crop_224.jpg,MH01AU0059
crop_225.jpg,MH02MA5324
crop_226.jpg,MH02EE8407
crop_227.jpg,MH01AV7461
crop_228.jpg,DL3CCQ0107
crop_229.jpg,MH02DS9365
crop_230.jpg,MH01AM9839
crop_231.jpg,MH03DV2010
crop_232.jpg,MH01CR7388
crop_233.jpg,MH47Y1124
crop_234.jpg,MH01CT9150
crop_235.jpg,MH02DS9365
crop_236.jpg,MH02BT6482
crop_237.jpg,MH12FT9458
crop_238.jpg,MH01DB2561
crop_239.jpg,MH02DS9365
crop_240.jpg,MH02DW8021
crop_241.jpg,MH47Y1124
crop_242.jpg,MH02DN8718
crop_243.jpg,MH02DS9365
crop_244.jpg,MH02WA8344
crop_245.jpg,MH01AX1113
crop_246.jpg,MH02EU4077
crop_247.jpg,DL3CCQ0107
crop_248.jpg,MH01AV7461
crop_249.jpg,MH02EE8407
crop_250.jpg,MH03CS6266
crop_251.jpg,MH03CS6266
crop_252.jpg,MH4705851
crop_253.jpg,MH47Y1124
crop_254.jpg,MH02AK5481
crop_255.jpg,MH02DN8718
crop_256.jpg,MH04JL5547
crop_257.jpg,MH47Y1124
crop_258.jpg,MH47Y0205
crop_259.jpg,MH03CS6266
crop_260.jpg,MH02BT6482
crop_261.jpg,MH03AM3025
crop_262.jpg,MH47Y0205
crop_263.jpg,MH03CS6266
crop_264.jpg,MH02BT6482
crop_265.jpg,MH47Y1124
crop_266.jpg,MH47Y1124
crop_267.jpg,MH02DN8718
crop_268.jpg,MH02EZ6482
crop_269.jpg,MH03CS6266
crop_270.jpg,MH02BT6482
crop_271.jpg,MH02CD3654
crop_272.jpg,MH02EU4077
crop_273.jpg,MH01AV7461
crop_274.jpg,MH02EE8407
crop_275.jpg,MH04HM4154
crop_276.jpg,MH02DW8021
crop_277.jpg,MH47Y1124
crop_278.jpg,MH02DN8718
crop_279.jpg,MH02DS9365
crop_280.jpg,MH02BT6482
crop_281.jpg,MH01DB2561
crop_282.jpg,MH02DS9365
crop_283.jpg,MH03DV2010
crop_284.jpg,MH47Y1124
crop_285.jpg,MH01CT9150
crop_286.jpg,MH02DS9365
crop_287.jpg,MH02DS9365
crop_288.jpg,MH01AU0059
crop_289.jpg,MH47AU1306
crop_290.jpg,MH02MA5324
crop_291.jpg,MH02EE8407
crop_292.jpg,DL3CCQ0107
crop_293.jpg,MH01AV7461
crop_294.jpg,MH02ER9194
crop_295.jpg,MH03BS4060
crop_296.jpg,MH02EK0837
crop_297.jpg,MH02EE8407
crop_298.jpg,MH05DS8679
crop_299.jpg,MH02FN2783
crop_300.jpg,MH01AX3070
crop_301.jpg,MH14DX9938
crop_302.jpg,GJ15D0564
crop_303.jpg,MH01CV6333
crop_304.jpg,MH02BG9542
crop_305.jpg,MH02ER9194
crop_306.jpg,MH01AH8495
crop_307.jpg,MH14DX9938
crop_308.jpg,MH47Y1124
crop_309.jpg,MH03CP1328
crop_310.jpg,MH12DG7144
crop_311.jpg,MH02BQ9628
crop_312.jpg,MH47AV6753
crop_313.jpg,MH04DW9020
crop_314.jpg,MH12RT1105
crop_315.jpg,MH01DT1917
crop_316.jpg,MH47Y1124
crop_317.jpg,MH02EU4077
crop_318.jpg,MH01AU0059
crop_319.jpg,PB11AG0774
crop_320.jpg,MH02BJ2456
crop_321.jpg,MH04JM8262
crop_322.jpg,MH04HP6100
crop_323.jpg,MH02DS9365
crop_324.jpg,MH01DK4867
crop_325.jpg,MH01BT0050
crop_326.jpg,MH03CB0229
crop_327.jpg,MH47AV6753
crop_328.jpg,MH43BU2401
crop_329.jpg,MH02DS9365
crop_330.jpg,MH02EU4884
crop_331.jpg,MH02CR4364
crop_332.jpg,MH02DW8021
crop_333.jpg,MH01CT9150
crop_334.jpg,MH02ER9194
crop_335.jpg,MH05DK1018
crop_336.jpg,MH02EK5817
crop_337.jpg,MH03BS4060
crop_338.jpg,MH02EH1077
crop_339.jpg,MH01AU0059
crop_340.jpg,MH01BD2186
crop_341.jpg,MH47Y1124
crop_342.jpg,MH05DS8679
crop_343.jpg,MH02EK0837
crop_344.jpg,MH01AX3070
crop_345.jpg,MH02ER9194
crop_346.jpg,MH02BQ9628
crop_347.jpg,MH04GM7982
crop_348.jpg,MH14DX9938
crop_349.jpg,MH03CP1328
crop_350.jpg,MH03CS6266
crop_351.jpg,MH01DB1477
crop_352.jpg,MH02EK4399
crop_353.jpg,MH47Y1124
crop_354.jpg,MH01DT1917
crop_355.jpg,MH02BJ2456
crop_356.jpg,MH02EU4077
crop_357.jpg,MH01AV7461
crop_358.jpg,MH01AU0059
crop_359.jpg,PB11AG0774
crop_360.jpg,MH02BT6482
crop_361.jpg,MH03DK2961
crop_362.jpg,MH02DS4676
crop_363.jpg,GJ15CD0564
crop_364.jpg,MH02DW8021
crop_365.jpg,MH47AG4326
crop_366.jpg,MH47AV6753
crop_367.jpg,MH02DW8021
crop_368.jpg,MH038C6247
crop_369.jpg,MH02CR4364
crop_370.jpg,MH03BS4060
crop_371.jpg,MH02BQ9628
crop_372.jpg,DL3CCQ0107
crop_373.jpg,MH01AU0059
crop_374.jpg,MH02EU4077
crop_375.jpg,MH05DS8679
crop_376.jpg,MH01DB1477
crop_377.jpg,MH02EE8407
crop_378.jpg,MH03AM3025
crop_379.jpg,MH02BT6482
crop_380.jpg,MH47Y0205
crop_381.jpg,MH02DQ0196
crop_382.jpg,MH4705851
crop_383.jpg,MH47Y1124
crop_384.jpg,MH02FN2783
crop_385.jpg,MH04JL5547
crop_386.jpg,MH02DN8718
crop_387.jpg,MH02BQ9628
crop_388.jpg,MH47Y1124
crop_389.jpg,DL8CN6308
crop_390.jpg,MH02BG9542
crop_391.jpg,MH02FN2783
crop_392.jpg,MH03CS6266
crop_393.jpg,MH02EE6842
crop_394.jpg,MH02BR4503
crop_395.jpg,MH02EE8407
crop_396.jpg,MH02EZ2599
crop_397.jpg,MH04HM4154
crop_398.jpg,MH05DK1018
crop_399.jpg,MH03DU5196
crop_400.jpg,MH02DS9365
crop_401.jpg,MH01CT9150
crop_402.jpg,MH01BT0050
crop_403.jpg,MH47Y1124
crop_404.jpg,MH02DS9365
crop_405.jpg,MH01CT9150
crop_406.jpg,MH01DK4867
crop_407.jpg,MH47Y1124
crop_408.jpg,MH02DS9365
crop_409.jpg,MH03AR7140
crop_410.jpg,MH02MA5324
crop_411.jpg,MH02EE8407
crop_412.jpg,DL3CCQ0107
crop_413.jpg,MH47AU1306
crop_414.jpg,MH02ER9194
crop_415.jpg,MH02ER9194
crop_416.jpg,MH02MA5324
crop_417.jpg,DL3CCQ0107
crop_418.jpg,MH47AZ8323
crop_419.jpg,MH47AU1306
crop_420.jpg,MH02DZ9898
crop_421.jpg,MH02DS9365
crop_422.jpg,MH03AR7140
crop_423.jpg,MH02DS9365
crop_424.jpg,MH47Y1124
crop_425.jpg,MH02DS9365
crop_426.jpg,MH04JM3383
crop_427.jpg,MH03DU5196
crop_428.jpg,MH02DS9365
crop_429.jpg,MH01CT9150
crop_430.jpg,MH01BT0050
crop_431.jpg,MH010PO323
crop_432.jpg,PB11AG0774
crop_433.jpg,MH47Y1124
crop_434.jpg,MH04HM4154
crop_435.jpg,MH05DK1018
crop_436.jpg,DL3CCQ0107
crop_437.jpg,MH01AV7461
crop_438.jpg,MH47N2829
crop_439.jpg,MH02EE6842
crop_440.jpg,MH48AW0091
crop_441.jpg,MH02BG9542
crop_442.jpg,MH03CS6266
crop_443.jpg,MH02DN8718
crop_444.jpg,MH02BQ9628
crop_445.jpg,MH47Y1124
crop_446.jpg,DL8CN6308
crop_447.jpg,MH4705851
crop_448.jpg,MH02FN2783
crop_449.jpg,MH04JL5547
crop_450.jpg,MH01AX1113
crop_451.jpg,MH4705851
crop_452.jpg,MH47Y1124
crop_453.jpg,MH02BT6482
crop_454.jpg,MH03CS6266
crop_455.jpg,MH02DQ0196
crop_456.jpg,MH05DS8679
crop_457.jpg,MH01DB1477
crop_458.jpg,MH02EE8407
crop_459.jpg,MH01AU0059
crop_460.jpg,MH02EU4077
crop_461.jpg,MH03BS4060
crop_462.jpg,MH02BQ9628
crop_463.jpg,MH02DW8021
crop_464.jpg,MH02CD7733
crop_465.jpg,MH03DV2010
crop_466.jpg,MH47Y1124
crop_467.jpg,MH47AV6753
crop_468.jpg,MH02ER9194
crop_469.jpg,MH03AT3856
crop_470.jpg,MH01BT0050
crop_471.jpg,GJ15CD0564
crop_472.jpg,MH02DW8021
crop_473.jpg,PB11AG0774
crop_474.jpg,MH47AV6753
crop_475.jpg,MH03DK2961
crop_476.jpg,MH02EE8407
crop_477.jpg,MH02EU4077
crop_478.jpg,MH01AU0059
crop_479.jpg,MH43AF5037
crop_480.jpg,MH47Y1124
crop_481.jpg,MH02BQ9628
crop_482.jpg,MH01DT1917
crop_483.jpg,MH12RT1105
crop_484.jpg,MH02EK4399
crop_485.jpg,MH03AM3025
crop_486.jpg,MH03CS6266
crop_487.jpg,MH01BY7658
crop_488.jpg,MH02BQ9628
crop_489.jpg,MH02BT6482
crop_490.jpg,MH14DX9938
crop_491.jpg,MH02ER9194
crop_492.jpg,MH01AX3070
crop_493.jpg,MH02AK5481
crop_494.jpg,MH02EK4399
crop_495.jpg,MH02DN6980
crop_496.jpg,MH01AX3070
crop_497.jpg,MH47Y1124
crop_498.jpg,MH05DS8679
crop_499.jpg,MH02EK0837
crop_500.jpg,ME02EE4077
crop_501.jpg,MH01BT9066
crop_502.jpg,MH02EK0837
crop_503.jpg,MH47Y1124
crop_504.jpg,DL8CN6308
crop_505.jpg,MH4705851
crop_506.jpg,MH02DN8718
crop_507.jpg,MH4705851
crop_508.jpg,MH03CS6266
crop_509.jpg,MH02FN2783
crop_510.jpg,MH43AR5466
crop_511.jpg,MH02BT6482
crop_512.jpg,MH01CY6333
crop_513.jpg,MH47N2829
crop_514.jpg,MH01BU1852
crop_515.jpg,MH43AL8464
crop_516.jpg,MH46BF2342
crop_517.jpg,MH02BT6482
crop_518.jpg,MH03CS6266
crop_519.jpg,MH02DS9365
crop_520.jpg,MH47Y1124
crop_521.jpg,MH02BT6482
crop_522.jpg,MH01BY7658
crop_523.jpg,MH02DS9365
crop_524.jpg,MH01BG7161
crop_525.jpg,MH04CT3566
crop_526.jpg,MH01CR7388
crop_527.jpg,MH01AV8814
crop_528.jpg,MH47Y1124
crop_529.jpg,MH02DS9365
crop_530.jpg,MH02BT6482
crop_531.jpg,DL8CN6308
crop_532.jpg,MH02MA5324
crop_533.jpg,MH02BT6482
crop_534.jpg,MH01AL9693
crop_535.jpg,MH02FD6534
crop_536.jpg,MH05DS8679
crop_537.jpg,MH47Y1124
crop_538.jpg,MH02EK0837
crop_539.jpg,MH01AX3070
crop_540.jpg,MH01AV8814
crop_541.jpg,MH01AM5810
crop_542.jpg,MH02ER9194
crop_543.jpg,MH03CS6266
crop_544.jpg,MH02CD3654
crop_545.jpg,MH01AX3070
crop_546.jpg,MH02BQ9628
crop_547.jpg,MH01AH8495
crop_548.jpg,MH03CP1328
crop_549.jpg,MH02EN6828
crop_550.jpg,MH4705851
crop_551.jpg,MH01BT9066
crop_552.jpg,MH14FS5229
crop_553.jpg,MH03CS6266
crop_554.jpg,MH01DB1477
crop_555.jpg,MH02AQ2299
crop_556.jpg,MH04DW9020
crop_557.jpg,MH02EK4399
crop_558.jpg,MH03BS4060
crop_559.jpg,MH02EP4454
crop_560.jpg,MH02DQ0196
crop_561.jpg,MH03CS6266
crop_562.jpg,MH01AV7461
crop_563.jpg,MH01AU0059
crop_564.jpg,MH02BT6482
crop_565.jpg,MH01AL9693
crop_566.jpg,MH03AF1911
crop_567.jpg,MH02DN8718
crop_568.jpg,MH47AV6753
crop_569.jpg,MH03AT3856
crop_570.jpg,MH02CD7733
crop_571.jpg,MH01BG7161
crop_572.jpg,MH02DW8021
crop_573.jpg,MHD1CV9311
crop_574.jpg,MH02CW8226
crop_575.jpg,MH03BS4060
crop_576.jpg,MH02BQ9628
crop_577.jpg,MH02BT6482
crop_578.jpg,MH02BT6482
crop_579.jpg,MH02BQ9628
crop_580.jpg,MH02ER9194
crop_581.jpg,MH02BT6482
crop_582.jpg,MH02BT6482
crop_583.jpg,MH02BQ9628
crop_584.jpg,MH02ER9194
crop_585.jpg,MH03BS4060
crop_586.jpg,MH02BQ9628
crop_587.jpg,MH04CT3566
crop_588.jpg,MH01BG7161
crop_589.jpg,MH47AV6753
crop_590.jpg,MH01CP2655
crop_591.jpg,MH02EU4884
crop_592.jpg,MH04EX7505
crop_593.jpg,MH01AU0059
crop_594.jpg,MH01AV7461
crop_595.jpg,MH02BT6482
crop_596.jpg,MH01AL9693
crop_597.jpg,MH03BS4060
crop_598.jpg,MH02DQ0196
crop_599.jpg,MH03CS6266
crop_600.jpg,MH01DB1477
crop_601.jpg,MH02DJ8952
crop_602.jpg,MH04DW9020
crop_603.jpg,MH02EK4399
crop_604.jpg,MH01BT9066
crop_605.jpg,MH03CS6266
crop_606.jpg,MH04GM7982
crop_607.jpg,MH02BQ9628
crop_608.jpg,MH4705851
crop_609.jpg,MH03CS6266
crop_610.jpg,MH01AX3070
crop_611.jpg,MH01JA8939
crop_612.jpg,MH01AV8814
crop_613.jpg,MH01AM5810
crop_614.jpg,MH01AX3070
crop_615.jpg,MH03AR5549
crop_616.jpg,MH05DS8679
crop_617.jpg,MH02EK0837
crop_618.jpg,MH01DT1917
crop_619.jpg,MH4705851
crop_620.jpg,MH02BT6482
crop_621.jpg,MH01AL9693
crop_622.jpg,MH02DS9365
crop_623.jpg,MH02CR8276
crop_624.jpg,MH01CT9150
crop_625.jpg,MH02DS9365
crop_626.jpg,MH01BG7161
crop_627.jpg,MH01CR7388
crop_628.jpg,MH47Y1124
crop_629.jpg,MH02DS9365
crop_630.jpg,MH01BM4824
crop_631.jpg,MH01AH8495
crop_632.jpg,MH02CL4017
crop_633.jpg,MH47Y1124
crop_634.jpg,MH02DJ8952
crop_635.jpg,MH02EP5740
crop_636.jpg,MH03CS6266
crop_637.jpg,MH01BU1852
crop_638.jpg,MH02BT6482
crop_639.jpg,MH02BT6482
crop_640.jpg,MH43BK9513
crop_641.jpg,MH47N2829
crop_642.jpg,MH02BT6482
crop_643.jpg,MH02EE6842
crop_644.jpg,MH03CS6266
crop_645.jpg,MH02FN2783
crop_646.jpg,MH01AX3070
crop_647.jpg,MH01JA8939
crop_648.jpg,MH01AM7014
crop_649.jpg,MH02DN8718
crop_650.jpg,MH4705851
crop_651.jpg,MH4705851
crop_652.jpg,MH47Y1124
crop_653.jpg,MH01BD1897
